t5hfg;65
t5hfg;65
t5hfg;65
t5hfg;65
t5hfg;65
t5hfg;65
t5hfg;65
t5hfg;65
t5hfg;65
t5hfg;65
t5hfg;65
t5hfg;65
t5hfg;65
t5hfg;65
t5hfg;65
t5hfg;65
t5hfg;65
t5hfg;65
t5hfg;65
t5hfg;65
t5hfg;65
t5hfg;65
t5hfg;65
t5hfg;65
t5hfg;65
t5hfg;65
t5hfg;65
t5hfg;65
t5hfg;65
t5hfg;65
t5hfg;65
t5hfg;65
t5hfg;65
t5hfg;65
t5hfg;65
t5hfg;65
t5hfg;65
t5hfg;65
t5hfg;65
t5hfg;65
t5hfg;65
t5hfg;65
t5hfg;65
t5hfg;65
t5hfg;65
t5hfg;65
t5hfg;65
t5hfg;65
t5hfg;65
t5hfg;65
t5hfg;65
t5hfg;65
t5hfg;65
t5hfg;65
t5hfg;65
t5hfg;65
t5hfg;65
t5hfg;65
t5hfg;65
t5hfg;65